-6,9,12.925925071569777,14.404275575664439,15.345188984087542,16.016844067329313,16.504682810887193,16.86171031400442,-1.499999980567145,-1.4999999544990885,-1.5000000000821676,-1.50000000000376,-1.4999999999426854,-1.5000000000674691,-1.5000000000201463,.00303249146267726,.359990189922405,-.0028510883114689235,-.0003343053430319909,.009974815700407492,-.01912539841259651,-.00816124292480211
-5.844221105527638,8.766331661318686,12.692256736949316,14.170607233943096,15.111520642378414,15.783175725629699,16.27101446916814,16.62804197229274,-1.499999967261125,-1.4999999127408599,-1.4999999713322474,-1.499999998311283,-1.5000000013044053,-1.4999999983132444,-1.4999999995028805,.0012697673145870777,.2171427685671549,.7900582652075516,.11916143674682281,-.1888359939616755,.3960079856252799,.16688613976956285
-5.688442211055277,8.53266332471017,12.458588408833906,13.936938896700385,14.877852300932938,15.549507383717957,16.03734612772236,16.394373630661637,-1.4999999450761545,-1.499999849132101,-1.4999999383104539,-1.4999999963650537,-1.500000002852964,-1.4999999963156327,-1.499999998907709,.0016707628494280866,.24797878792794548,.6209334996115958,.09377950890479773,-.14672915325342636,.30818086607780243,.13143244828335018
-5.532663316582915,8.298994991557603,12.224920090627398,13.703270564601771,14.644183959790643,15.315839041564983,15.803677786587762,16.16070528912325,-1.4999999082452242,-1.4999997564148864,-1.4999999002844369,-1.4999999941231197,-1.5000000046158894,-1.4999999940377677,-1.4999999982307775,.0021888816102902,.2716622629805103,.4891383413294654,.0739083618789305,-.11383481366887667,.23961360511112617,.10184356478083438
-5.376884422110553,8.065326664142518,11.991251786864275,13.469602238426809,14.410515618997595,15.082170699137382,15.57000944580801,15.927036947690315,-1.4999998473606033,-1.4999996250192658,-1.499999856388045,-1.4999999915287658,-1.5000000066251122,-1.499999991437507,-1.499999997460925,.0028552427975467643,.29035369750036916,.38648786763746346,.058618474967125335,-.088178209993555,.18607181681118234,.07862833311580178
-5.221105527638191,7.83165834621197,11.757583503569816,13.235933919089977,14.17684727860869,14.848502356396786,15.336341105433322,15.693368606377305,-1.4999997471430657,-1.4999994427314187,-1.4999998056053707,-1.4999999885266553,-1.500000008915301,-1.4999999884682829,-1.4999999965801838,.003708315640648822,.30468118936777583,.3064726557730347,.046503623161814125,-.06807111684763638,.14411745680695803,.06110588761790781
-5.065326633165829,7.597990043893201,11.523915248671956,13.002265607664015,13.943178938687453,14.614834013299427,15.102672765521177,15.459700265201498,-1.4999995828873327,-1.4999991936671353,-1.499999746726432,-1.4999999850430303,-1.500000011532179,-1.499999985069531,-1.499999995571959,.004795366600678578,.31592201437231127,.244194431576376,.03711642174450108,-.05259867464487008,.11178370705560338,.047404134848047765
-4.909547738693467,7.364321767162009,11.290247032573056,12.768597305410148,13.70951059930889,14.381165669794415,14.869004426138487,15.22603192418275,-1.49999931482393,-1.4999988573873997,-1.4999996783211107,-1.4999999809926845,-1.500000014518482,-1.499999981182819,-1.499999994419132,.006174147402990171,.32471902902041455,.19570529931886044,.02979876191489185,-.040342191056287495,.08619918317609136,.03654306135093995
-4.7537688442211055,7.130653532189437,11.056578868859441,12.534929013812388,13.475842260561286,14.1474973258242,14.635336087361264,14.99236358334359,-1.499998879217752,-1.4999984077122914,-1.4999995986906807,-1.499999976274233,-1.5000000179292527,-1.49999997673413,-1.4999999930995578,.007914811491039085,.3314989888586797,.1579701104840761,.024098782667026825,-.030842500701284893,.06633606172346272,.028126257742026605
-4.597989949748744,6.896985365075114,10.822910775195718,12.301260734619367,13.242173922548718,13.913828981322657,14.401667749277053,14.75869524270999,-1.4999981743794084,-1.4999978110242984,-1.499999505815762,-1.4999999707695062,-1.5000000218251897,-1.4999999716405406,-1.499999991589222,.01010208627012534,.33676344983021594,.12861049016063344,.01963337939325683,-.023434879568730707,.05084820448492309,.021533449280764064
-4.442211055276382,6.663317307759729,10.58924277448339,12.067592469894299,13.008505585393669,13.680160636214211,14.167999411986315,14.52502690231167,-1.4999970387846961,-1.499997024218923,-1.4999993972464745,-1.4999999643287358,-1.5000000262735822,-1.499999965809344,-1.4999999898588183,.012837687783529294,.34088860675979465,.10592414772647053,.016216996169488834,-.017635774917604034,.03872212269108844,.016450876115184934
-4.28643216080402,6.429649427346033,10.355574896338734,11.833924222082034,12.774837249241957,13.446492290412799,13.934331075603955,14.291358562182909,-1.4999952170091526,-1.49999599234085,-1.4999992702335274,-1.4999999567863838,-1.5000000313571713,-1.4999999591271023,-1.4999999878778207,.016242991881782395,.34401070694973146,.08791629976890669,.013506063426251656,-.013191695450490615,.02940996489952459,.012435079738455106
-4.130653266331659,6.195981830726517,10.121907178938903,11.600255994055706,12.541168914265183,13.21282394381947,13.700662740262548,14.057690222362746,-1.499992306940379,-1.4999946448287305,-1.4999991211790336,-1.4999999479378747,-1.5000000371588866,-1.4999999514768274,-1.499999985610146,.020461940036490055,.3465486591823144,.07433713606649937,.011398316627526158,-.009665071124162731,.022029730760009608,.009306088163548717
-3.9748743718592965,5.962314687434296,9.88823967145302,11.366587789248921,12.30750058066682,12.979155596322357,13.46699440611289,13.824021882895838,-1.4999876783621748,-1.4999928921075922,-1.4999989460872003,-1.499999937530929,-1.5000000437774237,-1.4999999427192323,-1.4999999830129997,.025664160227376404,.34841989335606244,.06353507564867818,.009790595414359594,-.006925460307327815,.01629176527662133,.006904971609519522
-3.819095477386935,5.728648265176872,9.654572437004099,11.13291961171775,12.07383224868964,12.745487247794216,13.233326073327483,13.590353543833512,-1.4999803479765035,-1.499990619557531,-1.4999987400217307,-1.4999999252768648,-1.500000051328271,-1.4999999326904534,-1.499999980041931,.03204825895894628,.34992906524523154,.05516634493522157,.008512899700599184,-.004830275586408483,.011895677385358162,.0049947612364493145
-3.663316582914573,5.494982984838824,9.420905556570514,10.899251466287229,11.840163918621386,12.511818898089812,12.999657742104347,13.356685205234015,-1.4999687884644275,-1.4999876815084072,-1.4999984968647324,-1.4999999108206934,-1.500000059928367,-1.4999999212195703,-1.499999976642103,.03984522253969055,.3510605481311668,.04887451201101901,.0075222134328570105,-.0031595935964880426,.008393430069488087,.00353928239353477
-3.507537688442211,5.261319505228787,9.187239133822972,10.665583358735436,11.606495590805096,12.278150547045694,12.765989412668132,13.12301686716414,-1.4999506381656222,-1.4999838924916986,-1.4999982097128712,-1.4999998937276289,-1.500000069721483,-1.4999999080986264,-1.4999999727563875,.04932184231587872,.35192134324371116,.04373822819746078,.00676877579580157,-.00189397516037188,.005721686109300466,.002380392439141154
-3.351758793969849,5.027658853052233,8.953573301324266,10.431915295915843,11.372827265651546,12.044482194476016,12.532321085275884,12.889348529699577,-1.4999222617784378,-1.4999790166415061,-1.4999978696919611,-1.4999998734894122,-1.5000000808524137,-1.4999998931001866,-1.499999968316228,.060784043358971154,.35257196510665345,.039940637804310807,.0061659151547285105,-.0008840865528012712,.0036409125624525533,.001496375440409864
-3.1959798994974875,4.794002621317904,8.719908228380111,10.198247286064332,11.139158943650683,11.810813840172374,12.298652760220076,12.655680192926697,-1.4998780888841026,-1.4999727546158073,-1.4999974664619466,-1.499999849470715,-1.5000000934927111,-1.4999998759753261,-1.4999999632453305,.07457994901509003,.3530094378075172,.036914935522742214,.005713055913121512,-.00011723822291549251,.0019948611293976503,.0008165708180379193
-3.040201005025126,4.5603532707882195,8.486244130927398,9.964579339027546,10.905490625391426,11.57714548389964,12.06498443783196,12.422011856943756,-1.499809622905194,-1.4999647262832816,-1.4999969872270456,-1.499999820921199,-1.5000001078223228,-1.499999856432122,-1.4999999574667662,.09110245705963116,.35328892664034933,.03462352097995432,.005350541491184313,.000481727544116524,.0007451707373868498,.00025316176294781203
-2.8844221105527637,4.326714585813038,8.252581284119449,9.730911466645443,10.67182231157958,11.343477125394655,11.831316118488262,12.188343521860993,-1.4997039639458336,-1.499954449808884,-1.4999964165923687,-1.4999997869104222,-1.5000001240388536,-1.4999998341542549,-1.4999999508789919,.11079100557364746,.35340465590008235,.03283651115680365,.005077598076412932,.0009427324121366738,-.00023027399881943273,-.0001438077496148893
-2.728643216080402,4.0930923602737375,8.018920038169322,9.49724368315618,10.438154003065897,11.109808764363477,11.597647802614986,11.954675187804467,-1.4995416189126036,-1.4999413151990275,-1.499995735805073,-1.499999746315819,-1.500000142344091,-1.4999998087886959,-1.4999999433825713,.1341320715702923,.35333837381830463,.031449364212867925,.004864781070034063,.0013092895771937723,-.0009845133103032568,-.0004660755362032525
-2.5728643216080402,3.8594954246642366,7.785260838314197,9.263576005719209,10.204485700875995,10.876140400480729,11.36397949069313,11.721006854915725,-1.499293273636295,-1.499924550858952,-1.4999949217640816,-1.4999996977644652,-1.5000001629695898,-1.4999997799453504,-1.4999999348645616,.16165772875742007,.35307992778678265,.030421500861912105,.0047009336144496075,.0015777292757400744,-.0015652570080850422,-.0007156239116609406
-2.4170854271356785,3.6259371760073265,7.551604249989436,9.029908455092643,9.97081740624937,10.642472033384964,11.130311183264457,11.487338523353909,-1.4989150647783773,-1.4999031825278837,-1.4999939465482897,-1.4999996395770954,-1.5000001861351855,-1.4999997471987427,-1.499999925200996,.1939412486566295,.35258952786581943,.02960835259318357,.004575320786967562,.0017916510368548356,-.002013977432929913,-.0009069640932418965
-2.2613065326633164,3.3924378443081817,7.317950990399664,8.796241056384115,9.737149120687109,10.408803662680487,10.896642880937014,11.253670193297472,-1.4983417032527266,-1.4998759827406263,-1.4999927757095417,-1.499999569695777,-1.500000212069853,-1.499999710078213,-1.4999999142558367,.23158819337898756,.35179996434985056,.0290022645363592,.004479551325843586,.001954350004300225,-.002350585582412892,-.001050520414335259
-2.1055276381909547,3.1590278302336365,7.084301967962682,8.562573840067554,9.503480846010882,10.175135287935937,10.662974584392167,11.02000186494606,-1.4974765560171537,-1.4998414090422743,-1.4999913669447462,-1.4999994855935668,-1.5000002410021882,-1.499999668082276,-1.4999999018848456,.275220606317902,.350620490499552,.028555300811767725,.004407120785041123,.002073924714287366,-.0026075315700877103,-.0011600465473650399
-1.949748743718593,2.9257525878390047,6.850658331378208,8.328906843206815,9.269812584436005,9.94146690868434,10.4293062943894,10.786333538521788,-1.4961774870482847,-1.4997975304710038,-1.4999896682631044,-1.4999993841614119,-1.500000273128841,-1.4999996206720496,-1.499999887933971,.3254506261502016,.3489151696170679,.028226223935167587,.004353037389048605,.002166956879399066,-.0027990817436940175,-.001241695714664377
-1.7939698492462313,2.6926797129721867,6.6170215301490565,8.095240110964824,9.036144338662117,9.707798524428089,10.195638011772147,10.552665214270768,-1.4942369103780646,-1.499741942767886,-1.4999876156209304,-1.4999992615697504,-1.5000003086270133,-1.4999995672783593,-1.499999872240193,.3828379704204074,.3464819140896278,.02798690944066661,.004312950761080904,.0022326420006066987,-.002939056157829223,-.0013002019007475542
-1.6381909547738693,2.459909138993694,6.383393388310843,7.861573698481161,8.802476111985422,9.474130134641971,9.961969737472502,10.318996892464506,-1.491354189162559,-1.4996716761500986,-1.4999851297556925,-1.499999113077126,-1.5000003476094987,-1.4999995073107266,-1.4999998546430995,.4478231704096288,.3430215587061012,.027827895577453673,.004285669754968496,.0022802611696466617,-.003038659498222287,-.0013452429098893947
-1.4824120603015076,2.227587632139225,6.149776192528667,7.627907673242837,8.568807908440744,9.240461738783205,9.72830147251455,10.0853285733995,-1.4870984065356558,-1.4995831064120677,-1.4999821126315842,-1.4999989328384673,-1.500000390115219,-1.499999440158794,-1.499999834965501,.5206253755054684,.3380909634863265,.02772917449001687,.0042660341526364115,.0023110943965612783,-.0031028787035948004,-.00137017387808384
-1.3266331658291457,1.9959290863974897,5.916172794042365,7.394242118008771,8.335139732973445,9.006793336302945,9.494633218017452,9.85166025739985,-1.4808600358738897,-1.4994718964696037,-1.4999784426646952,-1.4999987135861879,-1.5000004360587285,-1.4999993652246042,-1.4999998130480714,.6010909644138301,.3310149250932301,.027679950934192354,.0042548900780008635,.002329724117154827,-.003141771718756809,-.0013865621274029099
-1.170854271356784,1.7652423471407532,5.682586719717954,7.16057713447809,8.101471591661024,8.773124926665655,9.260964975193518,9.617991944814472,-1.471791938365798,-1.4993330155542919,-1.4999739686221878,-1.4999984463084597,-1.5000004851887627,-1.4999992819224195,-1.4999997887358683,.6884799125512113,.3208136637311164,.027676088971531967,.0042496051271416965,.0023380996602734476,-.0031566574822619402,-.0013927834944858298
-1.015075376884422,1.5359682260887946,5.449022280108994,6.926912847908804,7.867803491984832,8.539456509374943,9.027296745346307,9.384323636016422,-1.458744804255172,-1.4991609004269328,-1.4999685024336518,-1.4999981197912426,-1.5000005370386595,-1.4999991897235438,-1.4999997618947194,.7811872722089126,.30622641747657525,.027705631767329295,.004249528485096662,.0023366481267599053,-.00315318341864603,-.0013909534089047318
-.8592964824120602,1.308726573164622,5.215484652404296,6.693249412856326,7.634135443173131,8.305788084007112,8.793628529861735,9.150655331399657,-1.4402117089233908,-1.4989494996697905,-1.4999618092797828,-1.4999977200618446,-1.5000005908219571,-1.49999908818159,-1.4999997324182197,.876429176952794,.287044496926113,.027769201326044143,.0042538828833818985,.0023286026057453123,-.003133366210933952,-.0013815788668146477
-.7035175879396985,1.0843719853423854,4.981979956475836,6.459587020455958,7.4004674566308335,8.072119650260978,8.559960330195256,8.916987031374708,-1.4143130623233946,-1.4986857179830826,-1.499953595855602,-1.4999972296718813,-1.5000006453785004,-1.4999989769689681,-1.4999997002461816,.9699930307628852,.2823057495774978,.027861047988960982,.004262408199336815,.0023126176026966377,-.003098241237353835,-.0013660311611942302
-.5477386934673367,.8640518600558265,4.748516352166914,6.225925907533728,7.166799546480942,7.838451208016086,8.326292147853357,8.683318736361484,-1.3788767261134272,-1.4989632618273425,-1.4999434949921844,-1.4999966268151546,-1.5000006990153811,-1.499998855931067,-1.499999665373921,1.0562679951847365,-1.0680626463801686,.02797925697428734,.0042743995500640845,.0022907571035897505,-.0030492510943691304,-.0013441816890166001
-.39195979899497485,.6492519680482071,4.515009512384765,5.992266368112835,6.933131730243406,7.6047827574157,8.092623984366607,8.449650446780621,-1.3316899721061042,-1.4987706088639405,-1.4999310460746926,-1.4999958841725387,-1.5000007493838825,-1.499998725153211,-1.499999627886768,1.1288926812536457,.055724284256659144,.028124008812960934,.004289892432931283,.0022628680506221067,-.002987916239090018,-.001317661974296712
-.23618090452261306,.44180277641358784,4.281532683868272,5.758608767970546,6.699464029693915,7.371114298968965,7.858955841252288,8.215982163039467,-1.2709946265733931,-1.4984809402357544,-1.499915670699307,-1.4999949674827704,-1.5000007932909902,-1.4999985850081865,-1.4999995879500132,1.182320422230152,.13763264435213954,.02829268732777023,.004308582370693473,.0022292863439200158,-.002913971818035706,-.0012846279981634902
-.08040201005025126,.2438086386056723,4.048100979610441,5.524953562987237,6.4657964719453425,7.1374458336824285,7.625287719969606,7.982313885519615,-1.196220138652674,-1.4980599547708253,-1.4998966410519183,-1.499993833693779,-1.500000826482313,-1.4999984362422742,-1.499999545872299,1.2396631051591906,.20429345904122095,.028485472175142346,.004330535594606987,.0021901426214385347,-.0028281496500985196,-.0012470775964179856
.07537688442211055,.057462787860783376,3.814734856002925,5.2913013224213605,6.232129090817166,6.903777363225385,7.391619621861513,7.748645614554584,-1.1087712374697476,-1.4974552886822046,-1.4998730399925022,-1.499992428647694,-1.5000008433776242,-1.499998280035463,-1.4999995021002204,1.3723443259856016,.26525098800774993,.0287020764451931,.004355579080280363,.0021455334025028633,-.00273039108091584,-.0012042279339898759
.23115577889447236,-.11526036973500647,3.58146292661022,5.057652758402428,5.998461928565515,6.670108890136408,7.157951548087144,7.514977350408318,-1.0124718209727197,-1.4966174439772297,-1.4998437104354063,-1.4999906841015227,-1.5000008367606366,-1.4999981180774988,-1.4999994572540758,1.414218179411563,.30669765437587865,.0289413310370542,.004383763469222124,.002095447307555217,-.0026210336036564335,-.0011563406564373152
.3869346733668342,-.2729821106905558,3.348321515739395,4.824008763309475,5.764795038077338,6.436440418078218,6.924283499542408,7.281309093248136,-.913225857752786,-1.4954997014008427,-1.4998071905197725,-1.4999885139617541,-1.5000007973991554,-1.4999979526079152,-1.4999994121423939,1.41540268013172,.32554385203807107,.029202709419280295,.004415026804175333,.0020400223672575844,-.002500084330202,-.001103426282960476
.542713567839196,-.41524342521485913,3.1153542255714246,4.590370457248606,5.531128485651135,6.202771952151717,6.690615476774341,7.047640843115401,-.8177927561951759,-1.4940463270244213,-1.4997616314326496,-1.49998580946875,-1.5000007136105522,-1.4999977864494154,-1.4999993677779717,1.38318589283431,.32917550956966546,.029485008978691024,.00444936613785828,.0019793402479879414,-.00236796221507579,-.0010457043721002147
.6984924623115578,-.5426382766824493,2.8826133404570675,4.356739248331962,5.2974623545278625,5.969103499277711,6.456947479890261,6.813972599893707,-.7321504094257064,-1.4921829452034465,-1.4997046928299103,-1.4999824330954468,-1.5000005707451272,-1.4999976229741765,-1.4999993253741983,1.3308324504678646,.3256719248070185,.02978664486478664,.004486644236042351,.0019135893290233522,-.002225038984070713,-.000983361460390433
.8542713567839196,-.656691858050273,2.6501627309027618,4.123116909247906,5.06379674937229,5.735435068659124,6.2232795084721735,6.580304363277626,-.6602278391588909,-1.4898144583587853,-1.4996334104903575,-1.4999782107533113,-1.5000003505834112,-1.499997466017591,-1.499999286326592,1.270565129060689,.3190495320455005,.030104960983274746,.004526739200760567,.0018430636492151444,-.00207205389994844,-.0009167260231815691
1.0100502512562815,-.7595414209343213,2.4180810816106897,3.8895056744479004,4.830131801968508,5.501766672337085,5.989611561504609,6.3466361327443375,-.6035122801916657,-1.4868242660329734,-1.4995440282058725,-1.4999729219013234,-1.5000000306245014,-1.499997319695516,-1.499999252168279,1.2094166813095661,.31080784758434626,.03043691477444446,.004569425010441636,.001768217162084714,-.001910052177360772,-.0008462643602648409
1.1658291457286432,-.8535558967430732,2.1864652411733925,3.6559083635213576,4.596467678456242,5.268098325857891,5.755943637330936,6.112967907532194,-.561459812861344,-1.4830709862016673,-1.4994317855607555,-1.4999662869848702,-1.4999995832504727,-1.4999971881046472,-1.4999992244997378,1.1495146737679556,.30179929939342176,.030778544745178295,.004614368664916974,.001689647513206435,-.0017404476628852096,-.0007726595947863939
1.321608040201005,-.9410194856812726,1.9554340825188612,3.4223285376299835,4.362804588523925,5.034430049070129,5.522275733656342,5.879299686630224,-.5322787581890728,-1.478383590005041,-1.4992906506163732,-1.499957951485558,-1.4999989747190874,-1.4999970748664395,-1.4999992048621513,1.0904713610860777,.29270766517180996,.031124864866523994,.004661155121926278,.0016081463825015393,-.0015649833613936297,-.0006966355942658371
1.4773869346733668,-1.0239372821830879,1.7251331212617946,3.188770697584217,4.129142797086477,4.800761867078713,5.288607847621872,5.645631468787377,-.5136771161777165,-1.4725563295774784,-1.499112983608206,-1.4999474657389515,-1.4999981639296434,-1.4999969825386148,-1.4999991946000977,1.031413635185975,.2840260302679414,.03147018336500976,.004709239088637371,.0015247057053373288,-.0013859243250683802,-.000619255350556812
1.6331658291457287,-1.1039573354570036,1.495739924191936,2.9552405343085666,3.895482639107042,4.567093811391181,5.054939975970128,5.41196325254314,-.5033770898785601,-1.4653445763788373,-1.498889115774927,-1.499934259411807,-1.4999971008735977,-1.4999969118390617,-1.4999991946566875,.9718855892996189,.2760150828286121,.03180805911086072,.0047579640351530115,.0014405117132464996,-.001205868233688884,-.0005416425996689006
1.7889447236180904,-1.1823728620210003,1.2674701660625696,2.7217452449164927,3.66182453839465,4.333425921305344,4.821272115331882,5.178295036290089,-.49938334392972245,-1.4564630760978967,-1.4986068233105787,-1.499917609288288,-1.4999957246551314,-1.4999968607424619,-1.4999992053542541,.9119607852606648,.2687047471328036,.03213155531339031,.004806574836428864,.0013569000910391793,-.0010277786971518688,-.00046509691097637704
1.9447236180904524,-1.2601662472562838,1.0405839582282237,2.4882939307324325,3.4281690314200923,4.099758245605298,4.587604262653408,4.9446268183705815,-.5000740477160263,-1.4455889975538876,-1.4982506727252765,-1.4998965987071085,-1.49999396087456,-1.4999968234731655,-1.4999992261626773,.8520567094762813,.2619203841769239,.03243349695014352,.004854223756744894,.001275347333545513,-.0008548415708830706,-.00039101732092801145
2.100502512562814,-1.3380672295638054,.8153917023278695,2.2548980972928168,3.1945167974506434,3.8660908446650404,4.353936415780704,4.710958597209562,-.5041920809539047,-1.4323731752304165,-1.497801208441598,-1.4998700665229043,-1.4999917181548996,-1.4999967894858632,-1.4999992554709771,.7927300034363389,.2553258018869828,.032706922634434116,.004900021330951177,.0011973803939917063,-.0006903266387854423,-.00032079547429183255
2.2562814070351758,-1.4166097145365242,.5922581926186088,2.0215722809024173,2.9608686966355178,3.6324237930931718,4.1202685742025045,4.477290371482927,-.5107926496592438,-1.4164636610007038,-1.4972339489340578,-1.4998365430073668,-1.4999888834847377,-1.499996742540514,-1.4999992904302255,.7345398952552418,.24848721129030862,.03294538265453302,.004943069383549978,.0011244930982436299,-.0005373918496938339,-.0002557888169787208
2.4120603015075375,-1.4961804288050495,.37160304944764505,1.7883348315709813,2.7272258180765814,3.398757183103087,3.8866007399373994,4.2436221403103795,-.5191798520889668,-1.3975454525540536,-1.4965181502923393,-1.4997941693559351,-1.499985315982516,-1.4999966599766643,-1.49999932686778,.6779790606684043,.24095961581139844,.03314339423896046,.0049825284273436595,.0010580456230627733,-.00039884140796738333,-.0001971661315773354
2.5678391959798996,-1.5770576921957933,.15389496387389753,1.5552088885606163,2.493589540438219,3.165091128854554,3.652932918533999,4.009953903461629,-.5288477059827743,-1.3753982148704693,-1.4956152910185898,-1.4997405966558015,-1.4999808386276272,-1.4999965122975967,-1.4999993593342997,.623448568433581,.23238542386566935,.03329670175339932,.005017673290923176,.000999151208958952,-.00027690181540880674,-.00014583646063104906
2.7236180904522613,-1.6594410031780344,-.060363049497883986,1.322223591969781,2.2599616082958582,2.9314257720834163,3.419265120135881,3.7762856615552813,-.5394312531448503,-1.34996948754669,-1.4944772266811301,-1.4996728589821637,-1.4999752274430025,-1.4999962630854553,-1.4999993812829162,.571256165535048,.22257777915167495,.03340240332842727,.0050479589842229835,.0009485728952261077,-.00017300623439595885,-.00010235366395681165
2.879396984924623,-1.74347300743678,-.27065980383932803,1.0894155817832734,2.0263442282534108,2.697761289416416,3.185597360559755,3.542617416229802,-.550668454205299,-1.3214544186447332,-1.493043962325635,-1.499587213894612,-1.499968197570852,-1.4999958691632211,-1.4999993853601932,.5216247900724089,.21155606445849343,.03345884605708225,.0050730674071529005,.0009066461454695615,-8764440791510168e-20,-6685674980691693e-20
3.0351758793969847,-1.8292555304536857,-.476514512271422,.8568308439335515,1.792740189908019,2.4640979018551277,2.951929662348399,3.308949170269169,-.5623715654753326,-1.2903641332959028,-1.4912409982050487,-1.4994789417594963,-1.4999593856522297,-1.499995280767068,-1.499999363748134,.47470434594635985,.19952850486762644,.033465240454563304,.005092936924863436,.0008732406584368125,-20309859095097325e-21,-39056900121966804e-21
3.190954773869347,-1.9168611512061247,-.6775260104230455,.6245269698413072,1.5591530180761373,2.23043588700478,2.7182620557967447,3.075280927675238,-.5744061228047277,-1.257544178018423,-1.4889762267742808,-1.4993420931161598,-1.4999483278417514,-1.4999944413297388,-1.499999308449377,.4305835234596532,.1869130624475319,.03342102216690554,.005107760594636747,.0008477783227532985,30435968939193114e-21,-18273385536727475e-21
3.3467336683417086,-2.0063415019948008,-.8734248522249103,.3925758993387812,1.325587164374625,1.9967755947279242,2.48459458001171,2.841612693695687,-.5866757293051418,-1.2261441605011905,-1.486136406472387,-1.4991691706462391,-1.4999344326488677,-1.499993286376662,-1.499999211390158,.3893004288038257,.17429804398930993,.03332502238543225,.005117949859212024,.0008293071309396354,667761716927219e-19,-3522524296916825e-21
3.5025125628140703,-2.0977331985197223,-1.0644322340115278,.16106721290338435,1.0920482483443066,1.7631174670288545,2.250927284143989,2.607944474835914,-.5991111405055414,-1.1982359009578498,-1.482583323886102,-1.4989507291897344,-1.4999169474993743,-1.4999917410266312,-1.4999990642233059,.3508517181123639,.16244111744533665,.03317457518133881,.005124067078732359,.0008166250209814898,9135617263856026e-20,6355696827992694e-21
3.658291457286432,-2.1910620696537513,-1.251092097979836,-.069887978254752,.8585433608825893,1.5294620631470426,2.0172602290091874,2.3742762789016303,-.6116624731708287,-1.1716413193806845,-1.4781498989979045,-1.498674873686687,-1.499894917441326,-1.4999897157197226,-1.4999988577643608,.31520031689179867,.15142389915016902,.03296471084212172,.005126736096262318,.0008084310949789406,.00010695504175231024,12555370885956921e-21
3.814070351758794,-2.286346173514534,-1.4336090874310987,-.30015253538507936,.6250814458861702,1.295810091083318,1.7835934893744563,2.140608115129292,-.624293658681794,-1.1465379583298507,-1.4726367116301755,-1.49832663088324,-1.4998671337549192,-1.499987100017913,-1.4999985810692866,.2822819293852024,.1409302769127102,.03268757373582098,.005126546291094113,.0008034753055117178,.00011617525133207418,16175039708568732e-21
3.969849246231156,-2.3835979494900896,-1.6122155030503216,-.5295582542822422,.39167377976868073,1.0621624471315467,1.549927157210862,1.9069399944602075,-.6369784980960742,-1.1229929300649144,-1.4658097590274524,-1.497887166098025,-1.4998320694128746,-1.499983754545295,-1.4999982202340616,.2520105534254191,.1307715954623162,.03233214866467444,.005123967858546562,.0008006774104470611,.00012121071538814897,1812519143416724e-20
4.125628140703518,-2.4828257557261617,-1.7871541001961126,-.7579004780503383,.1583345729895909,.828520265464214,1.3162613462012929,1.6732719300016345,-.649697855644303,-1.1009374000211016,-1.4574007223875873,-1.4973328113744733,-1.4997877974525866,-1.4999795012242723,-1.4999977570267211,.22428318623262575,.12099977888010763,.031884316646087846,.005119291696641583,.0007991948043864278,.00012372937519938693,1908629401791313e-20
4.28140703517588,-2.5840349694194953,-1.9586569112546761,-.984932751387098,-.07491827702351785,.5948849804339117,1.0825961977693712,1.4396039377009897,-.6624376598757507,-1.0802126733201953,-1.4471116368660146,-1.496633866210229,-1.4997318874077585,-1.499974111831448,-1.4999971674303083,.19898386732732296,.11166166286136107,.03132722388129563,.005112599477269351,.0007984346263590527,.00012487191893733056,19515529784995992e-21
4.437185929648241,-2.687228775731798,-2.1269312472995305,-1.2103622023561755,-.3080622461316438,.36125840500858264,.8489318888911056,1.2059360372470223,-.6751874775216711,-1.0606723798266366,-1.4346265869952612,-1.4957531274927256,-1.499661273972694,-1.4999672945534044,-1.4999964200903073,.17598716892111094,.10271267989081101,.030641984500758147,.005103759648765023,.0007980213363720331,.0001253364625841966,1968751610181262e-20
4.592964824120603,-2.7924087345417066,-2.292161618026293,-1.4338467460589548,-.5410690147360381,.12764282966610282,.6152686420008769,.9722682532128539,-.687939493705128,-1.0422478218764912,-1.419633731010771,-1.4946441027329744,-1.499572090905863,-1.4999586777862663,-1.49999547456111,.15516121566699698,.0940951967882545,.02980885361490751,.005092438003483937,.0007977405699397599,.00012550268054749988,1974867439947749e-20
4.748743718592965,-2.8995751883349676,-2.4545218314844397,-1.6549957192314868,-.7739030206894159,-.10595885283682042,.38160673742110696,.7386006164721787,-.700687780818314,-1.0249599839975716,-1.4018612134399204,-1.4932488626940104,-1.499459461639114,-1.499947790037417,-1.4999942791744254,.13637029465110945,.08578632963638645,.028809151736932926,.005078109389410577,.0007974804587173906,.0001255525232704684,1976772686301573e-20
4.9045226130653266,-3.008727556201137,-2.614188964669991,-1.873376109264841,-1.0065196776920002,-.3395429900770843,.147946528922816,.5049331659475196,-.713427772828592,-1.0088985749056458,-1.3811296357216938,-1.4914955000583212,-1.4993172360008697,-1.4999340345230383,-1.4999927683248926,.11947710181311902,.07779981870444809,.027628276885042574,.005060060192164226,.0007971844776433096,.00012556205773824516,197728077955767e-19
5.060301507537688,-3.1198645459382544,-2.7713540693035337,-2.088526957040582,-1.2388631978015878,-.5731049715646568,-.0857115367566521,.2712659507813304,-.7261558860846957,-.9941867248856661,-1.3574206229670729,-1.4892951860251633,-1.499137659830259,-1.4999166568634972,-1.4999908589682156,.10434466112942564,.07017264423980207,.026259953705690686,.00503737678710195,.0007968204407599228,.00012555864601256392,19773865890743847e-21
5.21608040201005,-3.2329843070871265,-2.9262273782053208,-2.2999844410203774,-1.470863955423598,-.806638978874898,-.3193668953635284,.03759903305261357,-.7388692448431936,-.980945912742279,-1.3309544176026373,-1.4865388659638499,-1.4989109610714384,-1.4998947040447232,-1.4999884461233484,.09083794653956995,.06294974952551177,.024711340943925547,.005008920274917699,.0007963633046400193,.0001255505004134581,1977390648525283e-20
5.371859296482412,-3.348084541208428,-3.0790380480294948,-2.5073190487876222,-1.7024353365536449,-1.0401376713031119,-.5530188341845655,-.19606750880579732,-.7515654818374294,-.9692714799488827,-1.302258791512465,-1.4830937221507468,-1.4986248322285547,-1.4998669724393445,-1.4999853971399928,.0788252326508399,.05617163141342772,.02300782394524062,.0049732908580547965,.0007957867712545314,.00012553940216246054,19773692171123523e-21
5.527638190954774,-3.465162581092651,-3.2300300876195225,-2.710183483646349,-1.9334700369891895,-1.273591790896506,-.7866664530067762,-.42973357569695314,-.7642425927604191,-.9592219015831444,-1.2721987226746463,-1.4787996754374793,-1.4982637848647793,-1.4998319421273454,-1.4999815444313072,.06817919788668364,.04986716948935681,.021195525176089785,.004928786561715056,.0007950592300957637,.00012552523909767596,19773375677475038e-21
5.683417085427136,-3.5842154473015606,-3.3794566150018213,-2.908365194213756,-2.1638358155749273,-1.5069896669307177,-1.0203086148457092,-.6633990424174079,-.7768988295827665,-.9508186078688432,-1.243550606285432,-1.473466423678421,-1.4978083472238053,-1.499787694021044,-1.4999766762842008,.058777802343911126,.044051528671523295,.01933908404721199,.004873362032148171,.0007941412740669973,.00012550732725646925,1977296930441506e-20
5.839195979899498,-3.7052398880908357,-3.5275740865793797,-3.1020841328813358,-2.3933707860976963,-1.7403165953927173,-1.2539438837635601,-.8970637507832883,-.7895326219155583,-.944051102199623,-1.2183210027374622,-1.466871852297483,-1.4972340712710666,-1.499731805379559,-1.4999705252496567,.05050496176416589,.03872722728222596,.017548998829890968,.004804595194919172,.0007929834545337566,.00012548469949329318,1977245511155661e-20
5.994974874371859,-3.8282324070827065,-3.6746373236054515,-3.291872831800237,-2.6218784615812236,-1.9735540637816773,-1.487570446410627,-1.1307275009478075,-.8021425186762218,-.9388834988276962,-1.19495324188334,-1.4587631281997675,-1.4965103110119231,-1.4996612181662512,-1.4999627534804512,.043251038416358786,.03388643897602505,.015896452131996534,.004719673370434914,.0007915237324169771,.000125456118844755,19771805457879584e-21
6.150753768844221,-3.953189281851364,-3.820895557091173,-3.478021326766988,-2.8491229689892275,-2.206678785597605,-1.7211860130596408,-1.3643900404347118,-.8147271444855869,-.9352606721076462,-1.1736155955173564,-1.448862409293998,-1.4955987308296814,-1.4995720733129836,-1.4999529342163653,.036913169140421864,.02951342251848051,.014389917854534074,.004615416325410976,.0007896843988071438,.00012542002182884928,1977098472010528e-20
6.306532663316583,-4.080106575715953,-3.96658943063558,-3.6608458667722044,-3.074825153351609,-2.43966150246052,-1.9547876928219647,-1.5980510502875123,-.8272851667754177,-.9331134872081142,-1.1542798245719197,-1.4368798202085582,-1.4944515025163667,-1.4994595022506605,-1.4999405284075025,.03139545020382557,.02558667390688933,.013017485688868206,.004488361681548876,.0007873683365750855,.00012537443553930965,19769947947732405e-21
6.4623115577889445,-4.208980144409611,-4.11194881809011,-3.8406583017557696,-3.298660703233344,-2.6724655053650794,-2.1883718363886504,-1.831710127577123,-.8398152706954523,-.9323630764670912,-1.136809921545785,-1.42253699356736,-1.4930091555036007,-1.4993173649881428,-1.4999248552033966,.02660899790903597,.02208072082111716,.01175754532077267,.004334947723358632,.0007844545245942517,.00012531687115155865,19768638213667777e-21
6.618090452261306,-4.339805638839556,-4.257191307389004,-4.017749294559384,-3.5202619434373044,-2.9050448210465447,-2.4219338379697177,-2.0653667633123254,-.8523161397058874,-.9329242587049416,-1.1210417038915543,-1.4056046681618606,-1.4911980611329652,-1.4991379215140306,-1.4999050547048671,.02247190303639777,.018967578259299556,.010589320922661821,.004151838874481696,.0007807927122557359,.00012524419030900824,19766983875250924e-21
6.773869346733668,-4.47257850482389,-4.402521217036507,-4.192383931849023,-3.73922548470875,-3.1373420064491673,-2.6554678860447676,-2.299020314547757,-.864786440315772,-.9347082262879518,-1.1068355017402105,-1.385956827152243,-1.4889275657722079,-1.4989114203130993,-1.499880040961177,.018909096211473214,.016217905489891226,.009497850911957532,.003936447730235764,.0007761972437811545,.00012515243756319093,19764894014150327e-21
6.9296482412060305,-4.6072939804509705,-4.548129031181867,-4.364805542672876,-3.9551283070289496,-3.3692854965945878,-2.888966650013141,-2.532669969169851,-.8772248098419466,-.937624627190792,-1.0941051112921436,-1.363640427040868,-1.4860868498894344,-1.4986255843136718,-1.4998484426744714,.01585214016335137,.01380190790284235,.008473871005353266,.0036877100573971594,.0007704401143113077,.00012503663067268148,1976225424387232e-20
7.085427135678392,-4.743947091531877,-4.694191159035709,-4.535244027346526,-4.167554705211195,-3.6007864631602784,-3.122420886765522,-2.7663147014457734,-.8896298463634923,-.9415831622748824,-1.0828261625983602,-1.33895224664027,-1.4825416962311884,-1.4982649706538063,-1.4998085284244302,.013238963614509788,.011690026522727026,.00751264778619653,.0034071537039864954,.0007632435180468783,.00012489049867524664,19758919945287112e-21
7.241206030150754,-4.8825326454879985,-4.840869943108681,-4.703925489861849,-4.376135205944101,-3.831735169608353,-3.3558189475206373,-2.999953215923951,-.9020001002647373,-.9464948046041702,-1.0730240245373228,-1.3125013204110911,-1.4781315208855497,-1.497810176417929,-1.4997581124151818,.011013550242282656,.009853454779145577,.006613206356448596,.0031002292603667346,.0007542724491911716,.00012470615672791085,19754708531534087e-21
7.396984924623116,-5.023045223921199,-4.988313857393752,-4.871079986146557,-4.580595210631256,-4.061996863816654,-3.5891461609324753,-3.233583876651944,-.9143340669194707,-.9522727303382041,-1.0647482816046625,-1.2852180885735496,-1.4726672821531515,-1.497236858287869,-1.4996944357402122,.009125594807063923,.008264517320528868,.005777163342175204,.00277761667195959,.0007431283885151514,.00012447370237341106,19749389585357498e-21
7.552763819095477,-5.165479174044332,-5.136657850562015,-5.036945296346278,-4.780805063625126,-4.29140734495609,-3.8223840634798316,-3.4672046178979063,-.9266301801843181,-.9588330320817817,-1.0580459486427487,-1.2582609570472618,-1.4659312610031054,-1.496514530516289,-1.4996140169169938,.007530137182817053,.006896940035366204,.005007100287205303,.002455523856414085,.0007293458188697977,.0001241807193262256,19742672248198987e-21
7.708542713567839,-5.309828599098171,-5.2860238002832975,-5.201766524526807,-4.976815564471684,-4.519768496167629,-4.0555094426054845,-3.700812831588493,-.9388868064559666,-.9660952676305524,-1.0529425544742093,-1.2344871316031694,-1.4576802212314228,-1.4956051039366518,-1.4995124639143373,.006187183678250898,.0057260347687584,.00430511908161504,.002152771199654415,.0007123943229062672,.00012381166996034952,1973418953844941e-20
7.864321608040201,-5.456087347842567,-5.436521053029765,-5.365792751605704,-5.169122605073182,-4.7468443095252875,-4.288493152263958,-3.934405225464596,-.9511022391091254,-.9739828812758989,-1.049433750924162,-1.2148697416109726,-1.4476540916552263,-1.494461130847674,-1.4993842380339966,.005061323726787411,.004728817045271973,.0036719959365178268,.0018861905527343974,.0006916903476191784,.0001233471598501118,19723478425536984e-21
8.020100502512562,-5.604249003181175,-5.5882470295099305,-5.5292723811466535,-5.3583736703492635,-4.97235826350173,-4.521298655059324,-4.167977644454816,-.9632746931793116,-.9824235220460735,-1.0474851797162639,-1.1975366786000072,-1.4355929717772544,-1.4930237297994275,-1.499222357763301,.004121348770223589,.0038840707515117646,.0031069345189347615,.0016536769823962618,.0006666242899002109,.00012276305908696312,1970995545925779e-20
8.175879396984925,-5.754306869957852,-5.7412878796779125,-5.692448464419037,-5.544924610231678,-5.195993349557484,-4.753880241108482,-4.401524845915432,-.9754023001896374,-.9913492737984149,-1.047036724055921,-1.1824825325181847,-1.4212656951938623,-1.4912201857146872,-1.4990180280591485,.0033398789814959627,.0031723703151029284,.0026077030434054124,.0014455883968111898,.0006366100338226657,.0001220294694028865,19692885010983823e-21
8.331658291457286,-5.906253961947192,-5.895719173586207,-5.855554687764431,-5.729130431880238,-5.417396548306275,-4.986180873053985,-4.635040217120625,-.9874831030472404,-1.000696805832364,-1.0480081215754624,-1.1696397456649932,-1.4045128775609295,-1.4889612622730777,-1.498760177433493,.002693002378652656,.002576068417730219,.0021709314258746074,.0012570479825556116,.0006011646674149327,.00012110954225354467,1967134059539764e-20
8.487437185929648,-6.060082988050029,-6.0516066157007975,-6.018812234341514,-5.911335618390866,-5.6361900116449135,-5.218129612403058,-4.868515420640416,-.9995150509550893,-1.0104074492148178,-1.0503044138066344,-1.1588664948565357,-1.3853054498560962,-1.4861383367440046,-1.498434881746198,.0021599298838044702,.0020792555773308805,.0017924311469852783,.001087017198732117,.0005600242969366553,.00011995817336739644,19644156321935726e-21
8.64321608040201,-6.215786337696298,-6.20900677110612,-6.182427494783752,-6.091862559800677,-5.851991363130033,-5.449638599534032,-5.101939949957662,-1.011495994301219,-1.0204272028020076,-1.0538207425176247,-1.1499939266778576,-1.3638149140200502,-1.4826205888921364,-1.4980246499152843,.0017226689827316095,.001667696849377326,.0014674822766043204,.0009342163899397693,.0005132951541488497,.00011852064291820791,19609866370143203e-21
8.798994974874372,-6.373356065451765,-6.367967792648142,-6.346590525025192,-6.271007342348485,-6.064444942700996,-5.680599595793613,-5.335300573813813,-1.0234236794995382,-1.0307066731975,-1.0584464444759476,-1.1428827693948098,-1.3404828253815249,-1.478252666890166,-1.4975075431535214,.0013657178452303903,.0013287502478801906,.0011910750945294823,.0007967565430477151,.0004616242491721268,.00011673133655370719,19566630261137112e-21
8.954773869346734,-6.532783874821041,-6.528530138724135,-6.511474142003858,-6.44904435667632,-6.273263875298119,-5.910880161992584,-5.568580643350292,-1.0352957437672827,-1.0412009540663665,-1.0640685089670985,-1.137443024531239,-1.316064577421662,-1.4728535400230036,-1.4968560964658748,.0010757810725936668,.001051271091365478,.0009581081321572773,.000673083321437156,.00040634794709956424,.00011451278539066075,195121407502183e-19
9.110552763819095,-6.694061101237049,-6.690727272272161,-6.677233557973606,-6.626233973563095,-6.478278960223101,-6.140319658177071,-5.8017592312419595,-1.047109709832829,-1.0518694517118181,-1.0705744644050619,-1.1336238617709808,-1.2916107771590035,-1.4662176545234331,-1.4960360101034862,.0008415076441763681,.0008255062011323906,.0007635470560348204,.0005622575132107688,.00034954205575529393,.00011177541547375824,1944351139282116e-20
9.266331658291458,-6.857178694226083,-6.854586332589078,-6.844006464488968,-6.802828645497269,-6.679484659177519,-6.368725423454592,-6.034810066986725,-1.0588629805758534,-1.0626756651602425,-1.0778547427922636,-1.131391692596193,-1.2683500030844654,-1.4581200438416837,-1.495004581362863,.0006532511351580655,.0006429816174405062,.000602548502576654,.00046377162648693007,.0002938685285085569,.00010841860588043437,19357140305948782e-21
9.422110552763819,-7.022127198737898,-7.020128772890422,-7.011913484722938,-6.979075592585117,-6.877066820462033,-6.59586975189224,-6.267700227902546,-1.0705528336090266,-1.0735869299792655,-1.0858045576158049,-1.1307085491744338,-1.2487750011116092,-1.4483276717515852,-1.4937088565749084,.0005028518664474091,.0004963871944994266,.0004705524857153352,.0003772793673446135,.0002421312195059497,.0001043339179296556,19248549098620088e-21
9.577889447236181,-7.188896735631768,-7.187370957962569,-7.181058918321381,-7.155216120345959,-7.0715996095799225,-6.821488635431432,-6.500388542243362,-1.0821764158178548,-1.0845741354809444,-1.0943253254057408,-1.131517602368042,-1.2335648402135047,-1.4366198706775244,-1.4920835043702483,.00038344031814615897,.00037946106713676315,.00036334678734740316,.000302379772857182,.00019700099453521248,9941164510372334e-20,19112191148443962e-21
9.733668341708542,-7.357476981311935,-7.356324717761107,-7.351531707706194,-7.331482681518869,-7.263762976648357,-7.045283690662603,-6.7328236610146055,-1.093730737882772,-1.0956114248530147,-1.103325662498797,-1.133737678622711,-1.221277157821516,-1.422820959110443,-1.4900484514884613,.00028926088246278395,.00028687655352254045,.0002771067501472432,.00023850033096503744,.00015894513342448735,9355205088214924e-20,18941235712164844e-21
9.889447236180905,-7.527857146509755,-7.526997854296,-7.523406559653243,-7.508095083716378,-7.4540121821381415,-7.2669291667049345,-6.964941761497734,-1.1052126688145885,-1.1066758871656799,-1.112721994298914,-1.137264835917293,-1.2117554145990492,-1.4068473702591695,-1.4875063927485586,.00021551484241467563,.00021413359034702664,.00020841400655580825,.0001848732581507173,.00012726682354442085,8668261618176536e-20,187273310776094e-19
10.045226130653266,-7.700025954214539,-7.699394600537889,-7.696745161780209,-7.6852569425778645,-7.642778100995279,-7.486086294735256,-7.196663862880674,-1.1166189305434127,-1.1177472492457705,-1.1224388218330663,-1.1419777521153915,-1.2047579777237423,-1.3887689255138242,-1.4843404028335605,.0001582213309450514,.0001574563163204727,.00015425778680507992,.0001405710800557378,.00010090871179397188,7878196362638723e-20,1846035733284821e-20
10.201005025125628,-7.873971616761503,-7.873516031324919,-7.871597440558225,-7.863152974314434,-7.8304539668718425,-7.70242718262937,-7.427892769854747,-1.1279460926087734,-1.1288075742119739,-1.1324086971738514,-1.1477443085852843,-1.200032796058656,-1.368878033010803,-1.4804120589118908,.00011409494327719397,.00011369795424195683,.0001120224663333881,.00010456622294655298,7889141977480716e-20,6990935644408338e-20,1812820266684204e-20
10.35678391959799,-8.049681812092519,-8.04936042730769,-8.048002815494856,-8.041947313842796,-8.017393749172438,-7.915669489279296,-7.6585097237555955,-1.1391905670085885,-1.139840972158814,-1.1425719635321496,-1.1544279188928213,-1.197349373027284,-1.3477508117166552,-1.4755607547824692,8043863570338527e-20,8025371363462223e-20,7946488893591012e-20,7579201469873016e-20,6048259809781271e-20,60235252509612e-18,1771660212973335e-20
10.512562814070352,-8.227143659214459,-8.22692359382489,-8.225991412829009,-8.221782818795948,-8.203915510799803,-8.125620620752743,-7.888370946862411,-1.1503486032746684,-1.1508333271686801,-1.1528763166196807,-1.161892990458754,-1.1965089949961853,-1.3262717962406685,-1.4696052701013775,55050539383949014e-21,5498206112579853e-20,5468472721666685e-20,53194960477081765e-21,4514853761894971e-20,500632151241141e-19,17209119605897032e-21
10.668341708542714,-8.406343692890413,-8.406199137253179,-8.405585210895392,-8.4027812243448,-8.390306359266546,-8.332225774940989,-8.117304431149561,-1.1614162838532718,-1.1617720436020083,-1.1632762412485447,-1.1700093064982813,-1.1973444821413637,-1.3055853036160163,-1.4623491598788199,3614334141359896e-20,36134393201952514e-21,3609074090269215e-20,35775194263051285e-21,324816789275533e-19,39827837902943525e-21,16587386733573482e-21
10.824120603015075,-8.587267837611273,-8.587178701834395,-8.586799097723054,-8.585043980633476,-8.57682735899711,-8.535608410177653,-8.34510756660807,-1.17238951988102,-1.1726458135101099,-1.1737323716836523,-1.1786552768806762,-1.1997100232770912,-1.2869450663970867,-1.4535921122406985,2227493134216523e-20,22292898244361706e-21,2236531173486744e-20,2261491319579863e-20,22162978358256188e-21,3005148059092875e-20,15831764970841058e-21
10.979899497487438,-8.769901380909323,-8.769852170270644,-8.769641828990357,-8.768653596629964,-8.763716860110627,-8.736087289867653,-8.571546538866672,-1.183264047459488,-1.1834444060939664,-1.1842108169977459,-1.1877200914982895,-1.2034655581835993,-1.2714736588472408,-1.4431499526943743,12289074106141275e-21,123162092895833e-19,12429121960414228e-21,12895744438030129e-21,13930435653647997e-21,21253352480836678e-21,14922652259392128e-21
11.135678391959798,-8.954228946091453,-8.954207831521462,-8.954116880884477,-8.953675319426178,-8.95119139430003,-8.934156050793604,-8.796358843055241,-1.1940354245453517,-1.1941584793553846,-1.1946824845454906,-1.1971048690033248,-1.2084632559022315,-1.2599040346623498,-1.4308861399239041,5264945193696036e-21,5292320197363129e-21,5407348088697566e-21,5906603338750219e-21,7546545434848775e-21,13840271229587997e-21,13842691082078891e-21
11.291457286432161,-9.140234464487966,-9.140232519260241,-9.14022319757247,-9.140158992486999,-9.139444464314952,-9.130422508454574,-9.019260704048413,-1.2046990285870909,-1.204779413516726,-1.2051224264480316,-1.2067228865807926,-1.2145404044214494,-1.2523890200843908,-1.4167568067432335,47444673608075806e-23,4981576767686003e-22,5982961692677773e-22,10440244469943856e-22,277619887677547e-20,8061879305100655e-21,12580126379484214e-21
11.447236180904522,-9.32790114733319,-9.327911724380936,-9.327955836868393,-9.32814094969305,-9.32864422580774,-9.325518285452643,-9.239961513139066,-1.2152500550551442,-1.2152991653302851,-1.2155092225437911,-1.2164986188605609,-1.2215180252412128,-1.2487591809645135,-1.400868711044369,-265368936691886e-20,-26348382817066034e-22,-255496590565079e-20,-21925861723245616e-22,-6192979429781658e-22,4030340235963277e-21,11133426792851823e-21
11.603015075376884,-9.517211457417158,-9.517229684809273,-9.517306519777225,-9.517645759666305,-9.518930953357879,-9.520048610125508,-9.458187292246482,-1.2256835170272369,-1.2257101410539974,-1.2258242998511844,-1.2263630422215375,-1.2292016406067743,-1.2478424431006787,-1.383543738457188,-4563916077879851e-21,-4549780291056793e-21,-44896119817186045e-22,-4206857320887318e-21,-2876213648888386e-21,12582282763548938e-22,9516918403325617e-21
11.758793969849247,-9.708147080672658,-9.708169455526228,-9.7082640740254,-9.70868723860534,-9.710414626015217,-9.714436126387424,-9.673714206277502,-1.235994246007326,-1.236004953554184,-1.2360485515674682,-1.2362317704155354,-1.2373821880335456,-1.2490079114135617,-1.3653741676860478,-5598819938980798e-21,-55885633193592595e-22,-55424156306832005e-22,-5303567401133024e-21,-4219629925735922e-21,-7517622120041698e-22,7766528847342054e-21
11.914572864321608,-9.900688897889879,-9.90071294075326,-9.900814350902744,-9.90126605711228,-9.903172655306873,-9.909005198014661,-9.886410684660754,-1.2461768941721052,-1.2461628256149455,-1.2461073515782188,-1.2459226828230752,-1.2458434615134137,-1.252294874561375,-1.3472412875888926,-6019734197578987e-21,-6001772146863703e-21,-5930042693611138e-21,-5666497837269065e-21,-4861519772787038e-21,-21819482726917595e-22,5943736401898107e-21
12.07035175879397,-10.094816956781012,-10.094838808060112,-10.094931576525482,-10.0953545152405,-10.097248772427054,-10.104086309127238,-10.096282443028874,-1.2562259382546193,-1.2562113027424793,-1.256150428614739,-1.2558987833751434,-1.2552042522084055,-1.2577558017439516,-1.3302624671038794,-5463831219037363e-21,-5461787533512737e-21,-5451832451751882e-21,-5389292481870655e-21,-5009602068728407e-21,-31145517260739466e-22,41348165108843445e-22
12.226130653266331,-10.29051044464982,-10.29053001602502,-10.290613301586069,-10.290997039283862,-10.292783103173086,-10.300018117439109,-10.303509259512392,-1.2661356852891446,-1.2661300161675826,-1.266104755926365,-1.2659701125229557,-1.265241555401738,-1.2645909133259514,-1.3156409700343212,-4891564992564821e-21,-48941075460605615e-22,-4903927392209815e-21,-4930923709898291e-21,-4844373251683879e-21,-3632973422621341e-21,2442320771260323e-21
12.381909547738694,-10.48774766195617,-10.48776635020188,-10.487845700750478,-10.48820846384774,-10.489881033914061,-10.49701469187682,-10.508458355346885,-1.2759002804537938,-1.275891234182819,-1.2758529469579933,-1.2756791555029496,-1.2748688932970407,-1.27241676431365,-1.304431434232011,-4672928601731715e-21,-4671200738951133e-21,-4664267434002249e-21,-4638791958898267e-21,-4550432694307472e-21,-3815675261262619e-21,9676626394473066e-22
12.537688442211055,-10.686505997102238,-10.686523276129856,-10.686596662336898,-10.686932352393425,-10.688478700709076,-10.6952303687297,-10.711661242086544,-1.2855137172590858,-1.2855028605466265,-1.2854568462424945,-1.2852482803134768,-1.2843172517753403,-1.2808765954639376,-1.2972952141571468,-4320312931994069e-21,-4319200801044318e-21,-4314473078250113e-21,-42931001627717885e-22,-4206365255497496e-21,-37470901519235107e-22,-21152297016939394e-23
12.693467336683417,-10.886761902805915,-10.88677749058687,-10.886843708736484,-10.887146908623164,-10.888548222342422,-10.894763908726596,-10.913752456352231,-1.2949698503358125,-1.294958320188104,-1.2949094013999791,-1.2946867052772029,-1.2936842537232234,-1.289720836085649,-1.2943588630855292,-3897279892662376e-21,-3896610493924091e-21,-3893759716435845e-21,-3880575632854989e-21,-3819354018291653e-21,-35234294963141047e-22,-10601806267882182e-22
12.849246231155778,-11.088490874466267,-11.088504666093558,-11.088563263728439,-11.08883177225931,-11.090076925183727,-11.095675194749987,-11.115386249094197,-1.3042624110804384,-1.3042509725819786,-1.3042024123860805,-1.3039807215941186,-1.3029707825073198,-1.2987954376572655,-1.2952498849884868,-3448094441597507e-21,-3447719139599215e-21,-34461197805191936e-22,-3438692513451708e-21,-3402449411049188e-21,-3216793881387805e-21,-1591014726319447e-21
13.00502512562814,-11.291667430966235,-11.291679440716882,-11.29173047369813,-11.291964447482515,-11.293052273212506,-11.298000112173984,-11.317158844243158,-1.3133850264124494,-1.313374169211939,-1.3133280581789715,-1.313117160171002,-1.3121479753318617,-1.3079939138101555,-1.2992782597953723,-30025321808229377e-22,-3002343102014824e-21,-30015366084236658e-22,-29977758927099175e-22,-2978946565418992e-21,-28717136293819866e-22,-18535882829991893e-22
13.160804020100503,-11.496265098397322,-11.496275416825275,-11.496319266680786,-11.496520387006642,-11.497457234193853,-11.501757958043909,-11.519558975166056,-1.3223312408882502,-1.322321254255115,-1.3222788290423664,-1.3220845485277475,-1.321186401959294,-1.3172265779562664,-1.3056542203229136,-2579645637507996e-21,-2579568315178526e-21,-25792378652295055e-22,-25776836359120715e-22,-2569600509736982e-21,-251596269190748e-20,-19146411043431926e-22
13.316582914572864,-11.702256397229158,-11.702265159950443,-11.702302400853213,-11.702473256375285,-11.703270191282988,-11.706954058127547,-11.722952346171132,-1.3310945424000329,-1.3310855729114015,-1.3310474616825054,-1.3308727892989765,-1.3300620057585681,-1.3264120710449736,-1.3136471501452422,-21906876600942944e-22,-2190672969004392e-21,-21906094418169253e-22,-21902952744482016e-22,-2188329886279677e-21,-2168353078559613e-21,-18401275828307782e-22
13.472361809045227,-11.90961283348243,-11.909620198946692,-11.909651502924358,-11.909795148175629,-11.91046578011975,-11.91358106416973,-11.927590846947528,-1.3396683916592254,-1.339660487028919,-1.3396268961376487,-1.3394728530653037,-1.3387558462864741,-1.335480234289424,-1.322657772266988,-18413575649753325e-22,-1841374556145565e-21,-1841446151083411e-21,-18417617753484687e-22,-18429502967839886e-22,-18419465130179774e-22,-16848164586503264e-22
13.628140703517587,-12.11830489449467,-12.118311028584362,-12.118337099810121,-12.118456748401881,-12.119015685822667,-12.121620698657026,-12.133633012476555,-1.348046255627154,-1.348039397573266,-1.3480102516589894,-1.3478765409869347,-1.3472530140458134,-1.3443756921798837,-1.3322263318114993,-1533507338758154e-21,-1533537504994683e-21,-153366537836498e-20,-15342451484560675e-22,-15367968326820373e-22,-15450214250025427e-22,-14892796429965336e-22
13.78391959798995,-12.328302049893876,-12.328307115643515,-12.32832864655097,-12.328427465842058,-12.328889270925282,-12.331046057740325,-12.34116575763312,-1.356221645004482,-1.3562157735220213,-1.3561908190317864,-1.3560763080293776,-1.3555416610081055,-1.3530580144256203,-1.342011718898197,-12664209129855863e-22,-12664539012334347e-22,-12665939311752682e-22,-1267232871956127e-21,-1270135748081811e-21,-12817297564464303e-22,-128127734859836e-20
13.93969849246231,-12.539572758412161,-12.539576909508753,-12.539594553033307,-12.539675533927035,-12.540054052288353,-12.541823939384516,-12.550222859572035,-1.364188155826939,-1.364183186790855,-1.3641620670655172,-1.3640651375622013,-1.363612229423609,-1.3614993779108102,-1.3517660615666995,-10377588635845838e-22,-10377894312789647e-22,-1037919262529463e-21,-1038513259366039e-21,-10412474088308194e-22,-10530270978982419e-22,-10786405394193628e-22
14.095477386934673,-12.752084481179173,-12.752087858204817,-12.752102211721906,-12.752168093044766,-12.752476057876956,-12.753916807300271,-12.760799482228155,-1.3719395151368006,-1.3719353527803342,-1.3719176612984982,-1.3718364582760092,-1.3714568622256615,-1.3696815560371698,-1.3613147802953744,-8442434366521408e-22,-8442693845116986e-22,-8443796273257816e-22,-8448847042457777e-22,-8472251310247586e-22,-8576842656057142e-22,-8920017578548777e-22
14.251256281407036,-12.965803702130133,-12.965806430748488,-12.965818028306096,-12.965871259911884,-12.966120091691005,-12.967284285878927,-12.972863593731455,-1.3794696306062249,-1.3794661761125255,-1.379451493149051,-1.3793840959714292,-1.379068966187184,-1.3775932063520202,-1.3705422136708996,-6821441756107097e-22,-6821650015594127e-22,-6822534985256968e-22,-6826592649447376e-22,-6845465770861038e-22,-6931509781655501e-22,-7268692813120382e-22
14.407035175879397,-13.180695956144167,-13.180698146625312,-13.180707456887102,-13.18075018943507,-13.180949930644786,-13.18188423259708,-13.18636514460481,-1.386772643879844,-1.3867698010639111,-1.386757717935895,-1.38670225364262,-1.38644289978203,-1.385227724124013,-1.3793796188687248,-5476122572832264e-22,-5476283173533798e-22,-5476965692788688e-22,-5480096542480445e-22,-5494690849523983e-22,-5561996358494178e-22,-5851535475036821e-22
14.56281407035176,-13.396725865492284,-13.396727613122707,-13.396735041088172,-13.396769133469851,-13.396928472821887,-13.397673476053585,-13.401243376689889,-1.3938429872824083,-1.3938406661297595,-1.3938308003003175,-1.393785514239388,-1.3935737607395564,-1.3925816486565186,-1.3877935433131592,-4369015995639784e-22,-4369136105726208e-22,-4369646578858929e-22,-43719888528964207e-23,-4382921355143776e-22,-44336778705733063e-23,-4663673548714764e-22
14.71859296482412,-13.61385718511919,-13.61385857116302,-13.613864462240482,-13.613891500009654,-13.614017852635586,-13.614608305743795,-13.617432320623093,-1.4006754434023918,-1.4006735620603104,-1.4006655656398477,-1.4006288613067277,-1.4004572516526197,-1.3996535326430255,-1.3957747810677692,-34650657494941383e-23,-3465153383607801e-22,-34655258451409393e-23,-3467235128579744e-22,-34752190439266833e-23,-3512427730519772e-22,-36860026697529927e-23
14.874371859296483,-13.832052857207001,-13.83205395017744,-13.832058595581364,-13.8320799155901,-13.832179535053834,-13.832644785703263,-13.834864572950234,-1.4072652069172682,-1.4072636925938224,-1.4072572561845533,-1.4072277133220166,-1.4070896055246873,-1.4064431745729002,-1.4033290580029127,-27323947766376343e-23,-273245740489403e-21,-2732723591666186e-22,-2733945264353369e-22,-27396538317416945e-23,-27663126134272957e-23,-28926341050964577e-23
15.030150753768844,-14.051275075369992,-14.051275932440799,-14.051279575188001,-14.051296293042272,-14.05137439822602,-14.051738948576427,-14.053473622186868,-1.4136079478756376,-1.4136067369930732,-1.4136015903529424,-1.4135779682774496,-1.4134675563536427,-1.4129511247048394,-1.4104701462194893,-21426550350521152e-23,-2142699000308161e-22,-21428858657989977e-23,-21437435221947629e-23,-21477518326086234e-23,-21664878502890493e-23,-22559498387098187e-23
15.185929648241206,-14.271485358707404,-14.271486027148264,-14.271488868157556,-14.271501906191022,-14.271562811527343,-14.271846912726428,-14.273195102251211,-1.4196998754985188,-1.4196989133587055,-1.419694823986712,-1.4196760552274275,-1.419588342521125,-1.4191783904479192,-1.4172153253451893,-16710869650664564e-23,-16711173463531794e-23,-1671246476092e-19,-16718391469443218e-23,-1674609135010483e-22,-16875599476579154e-23,-17495768948367358e-23
15.341708542713567,-14.492644635795111,-14.492645154354895,-14.492647358326339,-14.492657472583232,-14.492704714131134,-14.492924953449469,-14.493967338862772,-1.4255378014146523,-1.4255370415658484,-1.425533812014822,-1.4255189900435623,-1.4254497332231164,-1.4251262831464502,-1.4235826717053601,-12963890881583196e-23,-12964097875041054e-23,-12964977659488128e-23,-1296901559152886e-22,-12987886948441078e-23,-13076102123442654e-23,-13498564737932261e-23
15.49748743718593,-14.714713338528048,-14.714713738719425,-14.71471543959498,-14.714723244901577,-14.714759697698556,-14.71492955032153,-14.715731473651045,-1.4311192011069207,-1.431118604549675,-1.4311160690474352,-1.431104432791266,-1.431050069899125,-1.430796361673729,-1.4295895987076692,-10004714928342709e-23,-10004854150227313e-23,-10005445881296676e-23,-10008161685398341e-23,-10020852848730511e-23,-1008015317080909e-22,-10363709767208838e-23
15.653266331658292,-14.937651505534655,-14.937651812795004,-14.937653118692824,-14.937659111316298,-14.937687095522039,-14.937817425758142,-14.938431360886915,-1.4364422722313046,-1.436441806556271,-1.4364398273460741,-1.4364307443787252,-1.4363883162073259,-1.436190439596911,-1.4352521873351651,-7681462525362417e-23,-7681555057547895e-23,-7681948342581261e-23,-7683753311928976e-23,-7692187059528999e-23,-7731572548135692e-23,-7919457010542854e-23
15.809045226130653,-15.161418894676213,-15.16141912939422,-15.161420126972864,-15.161424704661727,-15.161446079453832,-15.161545584690323,-15.162013359919024,-1.4415059883786145,-1.4415056269033169,-1.44150409057256,-1.4414970402624512,-1.4414641113416062,-1.4413106316508404,-1.4405849869665577,-58679195058789736e-24,-5867980328735228e-23,-5868238839942152e-23,-5869425236254018e-23,-58749679665516116e-24,-59008367687170575e-24,-602390344441429e-22
15.964824120603016,-15.385975103921124,-15.385975282328909,-15.385976040579646,-15.385979519978994,-15.385995765140214,-15.386071361480154,-15.386426096582158,-1.4463101467978563,-1.4463098677439115,-1.446308681724567,-1.4463032391507054,-1.4462778222752326,-1.4461594212303954,-1.4456010797092989,-4460174882076417e-23,-44602144483388545e-24,-446038261289555e-22,-4461154354925313e-23,-4464759384844164e-23,-4481574377080587e-23,-45613431484756064e-24
16.12060301507538,-15.611279699653455,-15.611279834590524,-15.611280408084479,-15.611283039645688,-15.611295325394146,-15.611352477350216,-15.611620234627326,-1.4508554085894072,-1.450855194323572,-1.4508542836657912,-1.4508501048054865,-1.450830591540393,-1.4507397362295071,-1.4503122796290593,-3373414163450598e-23,-337343965013515e-22,-33735479724448395e-24,-33740450733074055e-24,-3376366883658766e-23,-33871901776046986e-24,-3438394317420391e-23
16.276381909547737,-15.837292351242755,-15.83729245280173,-15.837292884434422,-15.837294865017393,-15.837304111010987,-15.83734710962717,-15.837548278187628,-1.4551433299216536,-1.4551431662722332,-1.455142470750775,-1.4551392791801652,-1.4551243774644105,-1.4550550237890911,-1.4547293889789399,-25389649829253797e-24,-2538981246841416e-23,-25390503727018943e-24,-25393675894923642e-24,-2540849042087764e-23,-25477511853654612e-24,-25803212118079875e-24
16.4321608040201,-16.063972970476783,-16.063973046542632,-16.06397336982776,-16.06397485323139,-16.063981777852177,-16.064013972629493,-16.064164414159222,-1.4591763829226576,-1.4591762585889063,-1.459175730159021,-1.4591733053697538,-1.459161984729564,-1.4591093174158465,-1.4588624652800117,-19016453566798464e-24,-1901655643834449e-23,-19016993642930242e-24,-19018999913788086e-24,-19028368505320274e-24,-19071995535497514e-24,-19277385290030194e-24
16.587939698492463,-16.291281854248655,-16.29128191094593,-16.291282151912835,-16.291283257585473,-16.291288418689447,-16.291312409010857,-16.291424396187768,-1.4629579650608513,-1.4629578710839517,-1.4629574716797682,-1.4629556389751908,-1.4629470832013614,-1.462907291843644,-1.462721072886668,-14174323929960114e-24,-14174388434602955e-24,-14174662594284393e-24,-14175920653112783e-24,-14181794800071746e-24,-14209137021023052e-24,-1433759307148157e-23
16.743718592964825,-16.519179828705372,-16.51917987076303,-16.519180049511192,-16.519180869687137,-16.519184697982123,-16.519202489649818,-16.51928546784348,-1.4664923960496137,-1.466492325385733,-1.4664920250496893,-1.4664906469449188,-1.46648421380411,-1.466454302745275,-1.4663145047846669,-10514474843562817e-24,-10514514966356127e-24,-10514685473258084e-24,-10515467874508082e-24,-10519120771790198e-24,-1053611718866605e-23,-10615821909952199e-24
16.899497487437184,-16.747628392914102,-16.747628423963818,-16.747628555925964,-16.74762916142227,-16.747631987569694,-16.74764511972571,-16.74770632034762,-1.4697849015885107,-1.469784848717311,-1.469784624022837,-1.4697835930144527,-1.4697787803981093,-1.4697564093345845,-1.4696519677127002,-7762402016141544e-24,-7762426763631152e-24,-7762531964103362e-24,-7763014689901195e-24,-776526828472877e-23,-7775750408065987e-24,-7824828160289946e-24
17.055276381909547,-16.97658985999573,-16.97658988280923,-16.97658997976872,-16.97659042465568,-16.97659250109905,-16.97660214831552,-16.976647079137038,-1.4728415835842756,-1.4728415442318656,-1.4728413769748572,-1.4728406095254432,-1.472837027329128,-1.472820379104438,-1.472742728265329,-5703450907671794e-24,-570346606610006e-23,-5703530475004339e-24,-5703826019489766e-24,-57052056833150125e-25,-5711620989865223e-24,-5741616608975839e-24
17.21105527638191,-17.206027493619413,-17.206027510302636,-17.206027581207014,-17.206027906541554,-17.20602942495434,-17.206036478728777,-17.206069313188422,-1.475669376863505,-1.4756693477159484,-1.4756692238372937,-1.4756686554298821,-1.4756660023930597,-1.4756536745293178,-1.4755962203524173,-4170816742929942e-24,-41708259512698104e-25,-4170865092198542e-24,-4171044689414366e-24,-4171883038895615e-24,-41757803261386715e-25,-41939812093580274e-25
17.366834170854272,-17.43590563775393,-17.43590564989658,-17.435905701503277,-17.43590593829194,-17.435907043417583,-17.435912176771033,-17.43593606108252,-1.4782759927831188,-1.4782759713015692,-1.4782758800071036,-1.4782754611136455,-1.4782735059861059,-1.4782644223911094,-1.4782221163950893,-30356690112242125e-25,-30356745668409158e-25,-3035698180117821e-24,-3035806529526349e-24,-30363122714562484e-25,-3038662838800325e-24,-30496294034584076e-25
17.522613065326635,-17.666189837634718,-17.666189846430996,-17.666189883815942,-17.666190055349844,-17.66619085590788,-17.666194574228946,-17.66621186815914,-1.480669850549588,-1.4806698347978047,-1.4806697678489285,-1.480669460664934,-1.4806680269683976,-1.4806613667639685,-1.480630364775103,-21991010925420237e-25,-21991044213948617e-25,-21991185665540104e-25,-21991834708599363e-25,-21994864174717787e-25,-22008941905987697e-25,-22074566126448903e-25
17.678391959798994,-17.896846950031886,-17.896846956374368,-17.896846983330093,-17.89684710701121,-17.896847684229588,-17.89685036503137,-17.896862829506013,-1.482859997451384,-1.4828599859589193,-1.4828599371056579,-1.482859712949089,-1.482858666784025,-1.482853807333287,-1.4828311980359732,-15856255089825142e-25,-15856274896086706e-25,-15856359053661194e-25,-1585674519223995e-24,-15858547453703476e-25,-15866921151447283e-25,-15905928060601225e-25
17.834170854271356,-18.127845241092153,-18.12784524564435,-18.12784526498977,-18.127845353752026,-18.127845767999965,-18.127847691801882,-18.127856634225186,-1.4848560195732965,-1.4848560112234024,-1.484855975748878,-1.484855812981416,-1.4848550533310825,-1.4848515250319236,-1.484835115412512,-11379616751934792e-25,-11379628439231552e-25,-11379678171194671e-25,-11379906365911625e-25,-11380971384935396e-25,-11385919049401638e-25,-11408952796387598e-25
17.98994974874372,-18.359154470271914,-18.359154473523375,-18.35915448734261,-18.359154550749132,-18.35915484665958,-18.359156220826957,-18.35916260697789,-1.4866679448786868,-1.4866679388459638,-1.4866679132119653,-1.4866677955943,-1.486667246673335,-1.4866646973156645,-1.486652844453272,-8128922775436515e-25,-8128929649757469e-25,-8128958847284411e-25,-8129092811150255e-25,-8129718053373957e-25,-8132622401233338e-25,-8146137027163551e-25
18.14572864321608,-18.590745959172615,-18.590745961484306,-18.590745971310305,-18.590746016394476,-18.590746226794625,-18.59074720382588,-18.590751743551014,-1.4883061407951517,-1.4883061364601624,-1.4883061180251695,-1.4883060334449656,-1.4883056387177946,-1.4883038055936073,-1.488295285035065,-5779940709163928e-25,-5779944722521932e-25,-5779961752065146e-25,-5780039898942622e-25,-5780404622282055e-25,-5782098670103863e-25,-5789978208825133e-25
18.301507537688444,-18.822592644422112,-18.822592646058503,-18.82259265301272,-18.82259268492108,-18.822592833831067,-18.822593525300263,-18.822596737702206,-1.4897812086121296,-1.4897812055061628,-1.4897811923142763,-1.4897811317857133,-1.489780849309264,-1.489779537539018,-1.489773441460104,-40907733665336904e-26,-40907756837598155e-26,-4090785559028246e-25,-40908308620839966e-26,-4091042291815019e-25,-4092024245292655e-25,-40965898199078656e-26
18.457286432160803,-19.054669114105405,-19.05466911525795,-19.05466912015715,-19.05466914263644,-19.054669247542556,-19.054669734665634,-19.054671997427143,-1.4911038770816303,-1.4911038748746355,-1.4911038654803344,-1.4911038223731001,-1.4911036211974247,-1.4911026869949264,-1.4910983466163996,-2881945172110653e-25,-2881946516616036e-25,-28819522063331543e-26,-2881978309332339e-25,-28821001258427873e-26,-28826658390494125e-26,-2885295845042181e-25
18.613065326633166,-19.286951627620635,-19.286951628429378,-19.286951631865143,-19.286951647629234,-19.286951721196427,-19.286952062790473,-19.286953649412613,-1.4922848976033802,-1.4922848960358692,-1.4922848893765706,-1.4922848588220126,-1.492284716230381,-1.4922840541108036,-1.4922809779858828,-2021021187243271e-25,-20210219500093798e-26,-20210252071974193e-26,-20210401554688444e-26,-20211099189098824e-26,-2021433907688907e-25,-20229392705942345e-26
18.768844221105528,-19.519418119207092,-19.51941811977165,-19.519418122170038,-19.519418133174373,-19.5194181845288,-19.51941842297859,-19.51941953040539,-1.493334943275499,-1.493334942167714,-1.493334937469697,-1.493334915916034,-1.493334815330762,-1.4933343482879764,-1.4933321789403617,-14108065443677796e-26,-1410806979725076e-25,-14108088344838157e-26,-1410817345881655e-25,-1410857067442827e-25,-14110415265417602e-26,-1411898793348604e-25
18.92462311557789,-19.752048185747498,-19.752048186139486,-19.75204818780602,-19.75204819545275,-19.752048231138115,-19.752048396832496,-19.752049166320724,-1.4942645139029531,-1.4942645131272254,-1.4942645098303484,-1.4942644946982533,-1.4942644240819918,-1.4942640961622535,-1.4942625735116626,-9803520870763972e-26,-9803523357351145e-26,-9803533866987093e-26,-9803582049970289e-26,-9803806913463335e-26,-9804850855277856e-26,-9809702252560055e-26
19.08040201005025,-19.984823059772577,-19.984823060043723,-19.984823061196675,-19.984823066486143,-19.984823091170984,-19.98482320578239,-19.984823738073793,-1.4950838487980471,-1.4950838482567892,-1.4950838459520703,-1.4950838353793539,-1.4950837860336623,-1.4950835569189498,-1.4950824925901944,-6781429085652297e-26,-6781430479167204e-26,-6781436384271282e-26,-6781463509865946e-26,-6781590069714318e-26,-6782177898038745e-26,-6784905520500495e-26
19.236180904522612,-20.21772556888182,-20.21772556906865,-20.217725569862576,-20.21772557350504,-20.217725590502862,-20.217725669423032,-20.217726035914477,-1.4958028488842836,-1.4958028485064316,-1.4958028469027276,-1.4958028395486629,-1.495802805236567,-1.495802645872783,-1.495801906202877,-4669725545854127e-26,-46697263185231926e-27,-4669729625171384e-26,-4669744803043438e-26,-4669815678029804e-26,-46701445928214654e-27,-4671674551456956e-26
19.391959798994975,-20.450740083029626,-20.450740083157594,-20.450740083701696,-20.45074008619855,-20.450740097851273,-20.45074015194593,-20.450740403212414,-1.4964310092568605,-1.4964310089962092,-1.4964310078867138,-1.4964310027972068,-1.4964309790359334,-1.4964308687296397,-1.496430355714121,-3201096907617306e-26,-32010973442195124e-27,-320109918916839e-25,-3201107645165528e-26,-32011470608517295e-27,-3201330263762565e-26,-3202177960344415e-26
19.547738693467338,-20.68385245130582,-20.683852451393186,-20.68385245176445,-20.683852453468468,-20.683852461419686,-20.68385249833095,-20.683852669680444,-1.4969773629682397,-1.4969773627888239,-1.4969773620247273,-1.4969773585166886,-1.4969773421533132,-1.4969772661327059,-1.4969769133011024,-2184488866762004e-26,-21844891067869945e-27,-2184490127707192e-26,-21844948050073426e-27,-21845166707964543e-27,-21846180633239225e-27,-21850910719574983e-27
19.7035175879397,-20.917049929959166,-20.91704993001858,-20.917049930270817,-20.917049931428355,-20.917049936830505,-20.917049961899362,-20.91705007828514,-1.4974504364237142,-1.4974504362998087,-1.4974504357751763,-1.4974504333698595,-1.4974504221392775,-1.4974503700283428,-1.4974501293905824,-1484056543640556e-26,-1484056674182628e-26,-14840572349672294e-27,-1484059814827418e-26,-14840718314616635e-27,-1484127759003808e-26,-14843892652206085e-27
19.85929648241206,-21.150321103472404,-21.150321103512518,-21.150321103683027,-21.150321104465867,-21.15032110811853,-21.150321125069603,-21.150321203969096,-1.4978582164002208,-1.4978582163155187,-1.4978582159591503,-1.4978582143182493,-1.4978582066540895,-1.497858171251838,-1.4978580039751708,-10037059884810136e-27,-10037060611218821e-27,-1003706371535826e-26,-10037077859016243e-27,-10037143863077534e-27,-10037452133351796e-27,-10038828120251274e-27
20.015075376884422,-21.383655800499575,-21.383655800526494,-21.38365580064149,-21.38365580116871,-21.38365580362746,-21.38365581506361,-21.383655867904928,-1.4982081283648023,-1.4982081283091782,-1.4982081280644455,-1.4982081269480627,-1.4982081217368848,-1.4982080973896308,-1.4982079840449904,-6758085352291765e-27,-6758085768869953e-27,-6758087415338591e-27,-67580951006072015e-28,-6758131027122223e-27,-6758294241832614e-27,-6759082278530834e-27
20.170854271356784,-21.61704500642575,-21.617045006444005,-21.617045006520875,-21.61704500687419,-21.617045008521146,-21.617045016164507,-21.617045051349123,-1.498507025472476,-1.4985070254334318,-1.4985070252693873,-1.498507024514208,-1.498507021017458,-1.4985070045113165,-1.4985069366282326,-4530095028143576e-27,-4530095225330644e-27,-453009615375468e-26,-45301003349088814e-28,-4530120075097426e-27,-4530210976337332e-27,-4530704565956759e-27
20.326633165829147,-21.850480774212922,-21.850480774225094,-21.85048077427641,-21.850480774512082,-21.85048077561432,-21.85048078068637,-21.850480805296236,-1.4987611873801086,-1.4987611873540183,-1.4987611872437963,-1.49876118673693,-1.4987611843846602,-1.4987611743214326,-1.4987611195963455,-30231699828522898e-28,-3023170100797857e-27,-3023170592591238e-27,-30231728599323425e-28,-30231833255181858e-28,-3023239205876321e-27,-30233859595301286e-28
20.482412060301506,-22.083956135061076,-22.083956135069183,-22.083956135103328,-22.083956135260042,-22.083956135995845,-22.08395613950026,-22.08395615558511,-1.4989763278288162,-1.4989763278125783,-1.4989763277388917,-1.4989763273972558,-1.4989763257446096,-1.4989763181100069,-1.498976272341229,-20086038659705865e-28,-20086039343446953e-28,-2008604198115162e-27,-20086053973744092e-28,-20086106316123633e-28,-20086302401255725e-28,-20087159177132662e-28
20.63819095477387,-22.31746501025049,-22.31746501025607,-22.317465010278735,-22.31746501038223,-22.317465010860584,-22.31746501317569,-22.31746502213073,-1.4991576098192319,-1.4991576098062094,-1.4991576097553974,-1.499157609526857,-1.4991576084577285,-1.4991576020971218,-1.499157595675235,-1328639229931401e-27,-1328639252264145e-27,-13286393859615623e-28,-13286400333287892e-28,-13286433072147355e-28,-13286528791114482e-28,-1328834106776243e-27
20.79396984924623,-22.55100212534796,-22.55100212535151,-22.55100212536626,-22.551002125434152,-22.55100212574596,-22.551002127070216,-22.551002135024863,-1.499309667134675,-1.4993096671281296,-1.4993096670956993,-1.4993096669495576,-1.499309666217572,-1.499309664787126,-1.4993096614931682,-8749942316040622e-28,-8749942578566317e-28,-8749943389781529e-28,-8749947029817644e-28,-874996256369007e-27,-8750145429274213e-28,-8750272790672842e-28
20.949748743718594,-22.784562927765926,-22.784562927768455,-22.784562927778154,-22.78456292782328,-22.78456292802106,-22.784562929122483,-22.784562936564,-1.4994366309506042,-1.4994366309440816,-1.499436630921823,-1.4994366308208373,-1.4994366304294842,-1.4994366290923837,-1.4994365813226416,-5737103130846943e-28,-5737103156199231e-28,-573710352816338e-27,-5737105187679088e-28,-5737116303069876e-28,-5737124004137758e-28,-5736047198307113e-28
21.105527638190956,-23.018143508466775,-23.018143508468288,-23.01814350847452,-23.018143508503915,-23.01814350864073,-23.01814350953386,-23.01814350953386,-1.4995421602978358,-1.499542160294666,-1.4995421602810735,-1.4995421602067482,-1.4995421601604288,-1.4995421546905157,-1.4995421546905157,-37451843567027306e-29,-37451844413109576e-29,-3745184676224544e-28,-37451854965477405e-29,-3745193362956217e-28,-3745117231521994e-28,-3746187134282491e-28
21.261306532663315,-23.251740528412665,-23.251740528413684,-23.2517405284178,-23.251740528435615,-23.251740528565215,-23.25174052860625,-23.25174052860625,-1.4996294752123822,-1.4996294752091437,-1.499629475199451,-1.4996294751693242,-1.4996294745200336,-1.499629474256623,-1.499629474256623,-2434166481556754e-28,-2434166488049591e-28,-24341665802890207e-29,-24341674359031726e-29,-2434158287376106e-28,-2434251258290207e-28,-2434251258290207e-28
21.417085427135678,-23.48535115017942,-23.485351150179934,-23.485351150182538,-23.48535115019566,-23.485351150224115,-23.485351150224115,-23.485351150224115,-1.499701391504286,-1.4997013915012527,-1.4997013914953687,-1.4997013914767818,-1.4997013912941275,-1.4997013912941275,-1.4997013912941275,-15751687437453853e-29,-15751687523502414e-29,-1575168816941182e-28,-15751690140667844e-29,-15751759123555776e-29,-15751796118130326e-29,-15751796118130326e-29
21.57286432160804,-23.71897297498662,-23.718972974986663,-23.71897297498835,-23.71897297499858,-23.71897297499858,-23.71897297499858,-23.71897297499858,-1.499760356192873,-1.499760356192873,-1.4997603561888133,-1.4997603561375223,-1.4997603561375223,-1.4997603561375223,-1.4997603561375223,-10148610223175361e-29,-10148610560500024e-29,-10148610824052739e-29,-10148607953932047e-29,-10148628266083373e-29,-10148628266083373e-29,-10148628266083373e-29
21.728643216080403,-23.952603985247823,-23.952603985247865,-23.95260398524892,-23.95260398525116,-23.95260398525116,-23.95260398525116,-23.95260398525116,-1.499808482788495,-1.4998084827882214,-1.4998084827859408,-1.4998084827733063,-1.4998084827733063,-1.4998084827733063,-1.4998084827733063,-6510156936698552e-29,-6510156915851396e-29,-6510157099497936e-29,-6510160652813057e-29,-6510160652813057e-29,-6510160652813057e-29,-6510160652813057e-29
21.884422110552762,-24.18624249261688,-24.18624249261688,-24.18624249261758,-24.18624249261785,-24.18624249261785,-24.18624249261785,-24.18624249261785,-1.4998475857357398,-1.4998475857357398,-1.4998475857349416,-1.4998475857335047,-1.4998475857335047,-1.4998475857335047,-1.4998475857335047,-4157997668176135e-29,-4157997687246827e-29,-4157997798073131e-29,-41579985921801185e-30,-41579985921801185e-30,-41579985921801185e-30,-41579985921801185e-30
22.040201005025125,-24.419887091399836,-24.419887091399836,-24.419887091400412,-24.419887091400458,-24.419887091400458,-24.419887091400458,-24.419887091400458,-1.4998792134694323,-1.4998792134694323,-1.4998792134661254,-1.499879213465829,-1.499879213465829,-1.499879213465829,-1.499879213465829,-26441569135468086e-30,-26441569135468086e-30,-26441567996518963e-30,-26441568647982014e-30,-26441568647982014e-30,-26441568647982014e-30,-26441568647982014e-30
22.195979899497488,-24.65353661711618,-24.65353661711618,-24.65353661711624,-24.65353661711624,-24.65353661711624,-24.65353661711624,-24.65353661711624,-1.499904679663708,-1.499904679663708,-1.499904679663366,-1.499904679663366,-1.499904679663366,-1.499904679663366,-1.499904679663366,-16741814427866576e-30,-16741814427866576e-30,-16741815743504427e-30,-1674181587303572e-29,-1674181587303572e-29,-1674181587303572e-29,-1674181587303572e-29
22.35175879396985,-24.887190109928117,-24.887190109928117,-24.887190109928124,-24.887190109928124,-24.887190109928124,-24.887190109928124,-24.887190109928124,-1.4999250923741994,-1.4999250923741994,-1.4999250923741536,-1.4999250923741536,-1.4999250923741536,-1.4999250923741536,-1.4999250923741536,-10554364517377542e-30,-10554364517377542e-30,-10554364622057074e-30,-10554364622057074e-30,-10554364622057074e-30,-10554364622057074e-30,-10554364622057074e-30
22.507537688442213,-25.120846782609526,-25.120846782609526,-25.120846782609526,-25.120846782609526,-25.120846782609526,-25.120846782609526,-25.120846782609526,-1.4999413808812598,-1.4999413808812598,-1.4999413808812598,-1.4999413808812598,-1.4999413808812598,-1.4999413808812598,-1.4999413808812598,-6624875487676879e-30,-6624875487676879e-30,-6624875500204341e-30,-6624875500204341e-30,-6624875500204341e-30,-6624875500204341e-30,-6624875500204341e-30
22.66331658291457,-25.354505992696552,-25.354505992696552,-25.354505992696552,-25.354505992696552,-25.354505992696552,-25.354505992696552,-25.354505992696552,-1.4999543201342707,-1.4999543201342707,-1.4999543201342707,-1.4999543201342707,-1.4999543201342707,-1.4999543201342707,-1.4999543201342707,-4140388343424498e-30,-4140388343424498e-30,-4140388343424498e-30,-4140388343424498e-30,-4140388343424498e-30,-4140388343424498e-30,-4140388343424498e-30
22.819095477386934,-25.588167218446113,-25.588167218446113,-25.588167218446113,-25.588167218446113,-25.588167218446113,-25.588167218446113,-25.588167218446113,-1.4999645527765,-1.4999645527765,-1.4999645527765,-1.4999645527765,-1.4999645527765,-1.4999645527765,-1.4999645527765,-25764617454784313e-31,-25764617454784313e-31,-25764617454784313e-31,-25764617454784313e-31,-25764617454784313e-31,-25764617454784313e-31,-25764617454784313e-31
22.974874371859297,-25.821830038225368,-25.821830038225368,-25.821830038225368,-25.821830038225368,-25.821830038225368,-25.821830038225368,-25.821830038225368,-1.4999726087930403,-1.4999726087930403,-1.4999726087930403,-1.4999726087930403,-1.4999726087930403,-1.4999726087930403,-1.4999726087930403,-15963459482032249e-31,-15963459482032249e-31,-15963459482032249e-31,-15963459482032249e-31,-15963459482032249e-31,-15963459482032249e-31,-15963459482032249e-31
23.13065326633166,-26.055494112961973,-26.055494112961973,-26.055494112961973,-26.055494112961973,-26.055494112961973,-26.055494112961973,-26.055494112961973,-1.4999789228740723,-1.4999789228740723,-1.4999789228740723,-1.4999789228740723,-1.4999789228740723,-1.4999789228740723,-1.4999789228740723,-9848097888234403e-31,-9848097888234403e-31,-9848097888234403e-31,-9848097888234403e-31,-9848097888234403e-31,-9848097888234403e-31,-9848097888234403e-31
23.28643216080402,-26.289159171299136,-26.289159171299136,-26.289159171299136,-26.289159171299136,-26.289159171299136,-26.289159171299136,-26.289159171299136,-1.4999838496226316,-1.4999838496226316,-1.4999838496226316,-1.4999838496226316,-1.4999838496226316,-1.4999838496226316,-1.4999838496226316,-6049242141494385e-31,-6049242141494385e-31,-6049242141494385e-31,-6049242141494385e-31,-6049242141494385e-31,-6049242141494385e-31,-6049242141494385e-31
23.44221105527638,-26.52282499711975,-26.52282499711975,-26.52282499711975,-26.52282499711975,-26.52282499711975,-26.52282499711975,-26.52282499711975,-1.499987676761364,-1.499987676761364,-1.499987676761364,-1.499987676761364,-1.499987676761364,-1.499987676761364,-1.499987676761364,-3699763877542836e-31,-3699763877542836e-31,-3699763877542836e-31,-3699763877542836e-31,-3699763877542836e-31,-3699763877542836e-31,-3699763877542836e-31
23.597989949748744,-26.7564914191278,-26.7564914191278,-26.7564914191278,-26.7564914191278,-26.7564914191278,-26.7564914191278,-26.7564914191278,-1.4999906365089994,-1.4999906365089994,-1.4999906365089994,-1.4999906365089994,-1.4999906365089994,-1.4999906365089994,-1.4999906365089994,-2253059233525692e-31,-2253059233525692e-31,-2253059233525692e-31,-2253059233525692e-31,-2253059233525692e-31,-2253059233525692e-31,-2253059233525692e-31
23.753768844221106,-26.99015830220207,-26.99015830220207,-26.99015830220207,-26.99015830220207,-26.99015830220207,-26.99015830220207,-26.99015830220207,-1.4999929153009728,-1.4999929153009728,-1.4999929153009728,-1.4999929153009728,-1.4999929153009728,-1.4999929153009728,-1.4999929153009728,-1366147966921796e-31,-1366147966921796e-31,-1366147966921796e-31,-1366147966921796e-31,-1366147966921796e-31,-1366147966921796e-31,-1366147966921796e-31
23.90954773869347,-27.22382554026403,-27.22382554026403,-27.22382554026403,-27.22382554026403,-27.22382554026403,-27.22382554026403,-27.22382554026403,-1.4999946620368063,-1.4999946620368063,-1.4999946620368063,-1.4999946620368063,-1.4999946620368063,-1.4999946620368063,-1.4999946620368063,-8248034813909527e-32,-8248034813909527e-32,-8248034813909527e-32,-8248034813909527e-32,-8248034813909527e-32,-8248034813909527e-32,-8248034813909527e-32
24.065326633165828,-27.457493050430564,-27.457493050430564,-27.457493050430564,-27.457493050430564,-27.457493050430564,-27.457493050430564,-27.457493050430564,-1.4999959950207553,-1.4999959950207553,-1.4999959950207553,-1.4999959950207553,-1.4999959950207553,-1.4999959950207553,-1.4999959950207553,-49582869449640396e-33,-49582869449640396e-33,-49582869449640396e-33,-49582869449640396e-33,-49582869449640396e-33,-49582869449640396e-33,-49582869449640396e-33
24.22110552763819,-27.69116076824787,-27.69116076824787,-27.69116076824787,-27.69116076824787,-27.69116076824787,-27.69116076824787,-27.69116076824787,-1.4999970077669258,-1.4999970077669258,-1.4999970077669258,-1.4999970077669258,-1.4999970077669258,-1.4999970077669258,-1.4999970077669258,-29678521563717006e-33,-29678521563717006e-33,-29678521563717006e-33,-29678521563717006e-33,-29678521563717006e-33,-29678521563717006e-33,-29678521563717006e-33
24.376884422110553,-27.924828643829652,-27.924828643829652,-27.924828643829652,-27.924828643829652,-27.924828643829652,-27.924828643829652,-27.924828643829652,-1.4999977738163401,-1.4999977738163401,-1.4999977738163401,-1.4999977738163401,-1.4999977738163401,-1.4999977738163401,-1.4999977738163401,-17688177383528677e-33,-17688177383528677e-33,-17688177383528677e-33,-17688177383528677e-33,-17688177383528677e-33,-17688177383528677e-33,-17688177383528677e-33
24.532663316582916,-28.158496638745767,-28.158496638745767,-28.158496638745767,-28.158496638745767,-28.158496638745767,-28.158496638745767,-28.158496638745767,-1.4999983507102204,-1.4999983507102204,-1.4999983507102204,-1.4999983507102204,-1.4999983507102204,-1.4999983507102204,-1.4999983507102204,-10496751990853071e-33,-10496751990853071e-33,-10496751990853071e-33,-10496751990853071e-33,-10496751990853071e-33,-10496751990853071e-33,-10496751990853071e-33
24.688442211055275,-28.392164723529767,-28.392164723529767,-28.392164723529767,-28.392164723529767,-28.392164723529767,-28.392164723529767,-28.392164723529767,-1.4999987832445378,-1.4999987832445378,-1.4999987832445378,-1.4999987832445378,-1.4999987832445378,-1.4999987832445378,-1.4999987832445378,-6202384394218353e-33,-6202384394218353e-33,-6202384394218353e-33,-6202384394218353e-33,-6202384394218353e-33,-6202384394218353e-33,-6202384394218353e-33
24.844221105527637,-28.62583287569349,-28.62583287569349,-28.62583287569349,-28.62583287569349,-28.62583287569349,-28.62583287569349,-28.62583287569349,-1.499999106118397,-1.499999106118397,-1.499999106118397,-1.499999106118397,-1.499999106118397,-1.499999106118397,-1.499999106118397,-36491774013034574e-34,-36491774013034574e-34,-36491774013034574e-34,-36491774013034574e-34,-36491774013034574e-34,-36491774013034574e-34,-36491774013034574e-34
25,-28.859501078154146,-28.859501078154146,-28.859501078154146,-28.859501078154146,-28.859501078154146,-28.859501078154146,-28.859501078154146,0,0,0,0,0,0,0,-26052299823124144e-34,-26052299823124144e-34,-26052299823124144e-34,-26052299823124144e-34,-26052299823124144e-34,-26052299823124144e-34,-26052299823124144e-34
